pm25,pm10,o3,co,so2,temp,rh,ws,wd
25.699578911066055,27.632820142060517,136.70160679697992,0.1957555201156008,29.94141321048677,23.13159448504448,47.907028675079346,0.4428220570087432,345.6781764626503
24.772657096385956,29.14707541689277,127.55205072283745,0.3008306256276699,29.80275444383002,22.664535766839983,57.989420652389526,0.41336302235722544,351.610454082489
33.59238904714584,31.075574672967196,108.40930947422981,0.5420434124308862,31.308911971884882,21.842647767066957,73.73904180526733,0.3515982799232006,350.84042727947235
47.49468204379082,46.44222041219473,69.6322207659483,0.9413486117029484,30.17428722817236,18.42447472214699,78.98473930358887,0.2496110025793314,340.2138440012932
70.87595695257187,94.46620217263698,26.67154187709093,1.6465080590745425,27.62004786520197,17.23464564085007,82.0587248802185,0.21669722348451614,322.98724019527435
83.92003774642944,160.75215886831285,17.39236663788557,1.9641194254401273,24.31209425870215,15.494857317209245,85.7439694404602,0.1635517256334424,316.47207617759705
93.44906485080719,169.77959040999414,13.598947041928767,1.832024521061248,24.28824191361297,15.633083483576776,86.01292753219604,0.1540927518159151,266.4683691263199
90.96468484401703,154.4586007297039,12.058317515701054,1.905344502688917,23.177957873835215,14.116246750950815,86.52656412124634,0.1423672454431653,210.2685468196869
82.86011350154877,171.8191520690918,16.59691642746329,1.595806349994215,24.306475475632705,14.378214395046236,87.01321744918823,0.12880823742598296,171.63291329145432
80.68975955247879,129.51993189454078,13.2439904512465,1.2469840310219609,23.535691149274662,14.066654226183893,88.3326301574707,0.15268551353365184,153.56905230879784
70.02404391765594,127.9719576716423,9.26269265756011,0.9517408893093742,23.024177147041833,13.340075469017028,88.43964862823486,0.15092478301376105,191.92870342731476
71.13097441196442,131.99088723063468,11.430087222456931,0.7604103958855378,24.683614782989785,13.629253274202348,88.66780138015747,0.18455033488571643,178.66607651114464
67.88553100824356,100.62240559458732,13.014645655453204,0.6809343491595217,23.93111714555518,12.812156988680362,88.32473945617676,0.1804981345310807,227.01910895109177
62.26278460025787,89.17750062346458,11.704857038259506,0.7616887079777163,23.27698887435059,13.6581720918417,87.14665174484253,0.1958947317674756,241.2223648428917
64.8843241930008,68.9604933232069,14.121338496357202,1.0183649364073586,25.179123692479024,13.877252629399301,88.91949605941772,0.2498784713447094,215.30173456668854
69.21661746501923,83.21265090107917,13.538371481150389,1.148282467379892,31.93365411797678,13.712822741270067,87.39243841171265,0.30452493280172344,185.1263536810875
71.82293283939362,97.4611331820488,20.11485220193863,1.132780579537702,36.190001011276294,14.542877635359766,85.02747774124146,0.45730060338974,174.45847189426422
70.13379991054535,92.68151348233222,28.840937998890876,1.085577181108159,55.31788334655299,16.351985386013986,80.13212871551514,0.4117620207369327,216.89137148857117
60.18722206354141,100.12489712834358,50.242950701117515,1.050181294002416,68.63146579871173,18.23314062356949,77.11577129364014,0.7390885427594184,233.7026051878929
43.94826528429985,75.99906709492207,74.26767332434655,0.7824113657664669,58.632253457014784,19.17368302345276,71.85111141204834,0.9652294069528579,256.1543908715248
32.817930698394775,61.261055544018745,88.32862653017044,0.6494200057632353,38.68167077641192,19.42936441898346,64.0377049446106,0.7873454302549362,260.46165376901627
25.4979966878891,37.129132121801376,99.18858693242073,0.6722683656376565,29.704623331329696,21.157283759117128,58.43328595161438,0.9475397109985351,264.4709146618843
19.021049186587334,34.57923267558217,99.61717761993408,0.5111746901412684,25.622065165427017,21.758099085092546,50.997817039489746,0.9376837998628615,284.8266650438309
18.353349931538105,37.013740472495556,114.18470668196679,0.5988303413449622,25.24859897045834,22.301132088899614,49.73478412628174,1.037927508354187,274.0776507258415
69.65485072135925,121.74842787981032,11.948421294391155,1.776322542389478,39.88308748079821,13.36092030107975,86.04187345504761,0.14135109279304742,163.96143287420273
74.634781062603,156.86640179157257,9.739366998746991,1.9404233805884614,45.298288255247236,13.37520491182804,87.47794437408447,0.12105907923541964,143.66349831223488
82.34791886806488,163.53551951050758,6.807178179621696,1.8479556102635672,45.60525713952346,13.533160573244094,88.96970415115356,0.13800564948469402,134.47642120718956
85.32579958438873,155.34709995388985,6.425441055521368,1.8741645233762778,40.22335303896824,12.908159157633781,86.92985439300537,0.13311844673007728,190.52817350625992
84.02000421285629,141.22157029509543,8.185463989898562,1.3474876504090667,50.65199422999028,14.401159828901292,86.4715461730957,0.1702942816540599,167.10345646739006
81.7427738904953,127.06383996605872,18.910612990558146,1.118510150534975,69.64532001291316,16.09229681491852,82.38590860366821,0.23216156996786594,195.33407300710678
76.21013361215591,102.93949525952338,42.45229959905147,0.7249144601236824,79.26306156992717,17.82069150209427,76.7071704864502,0.2949562828987837,204.46890980005264
56.38471683859825,84.01251210272312,73.48685544192791,0.5729847498876186,88.76965183634846,18.581996953487398,71.02029466629028,0.3634124159812927,188.03620392084122
60.41920256614685,90.25474281907081,76.56165971279145,0.6730310952941334,88.12060780982834,19.03292671442032,72.21713781356812,0.6128426954150199,236.23116600513458
47.9922513961792,107.47650480866432,78.07947191596031,0.6117285059302863,73.98284890175744,18.629067546129228,71.45553159713745,1.007229071855545,283.80493491888046
45.52863946557045,99.92458584308623,73.61973498463631,0.6933474129635865,59.841954689031,19.62137091755867,72.7732253074646,1.2328727394342422,302.9773805141449
51.99385458230972,90.50625479221344,72.6587961345911,0.6655888027062447,40.20321222110553,18.46972862482071,71.66677141189575,1.2699674129486085,301.4910526275635
46.515794306993484,83.48243290185928,74.1315972495079,0.8068268268269265,36.5021648893978,18.50155440568924,67.43838024139404,1.2520472884178162,264.63794976472855
37.45076656341553,72.75371402800083,71.62560544312001,0.7108478157300891,34.54896163074956,19.984383082389833,67.6417727470398,1.3975615084171296,211.99961125850677
35.27500742673874,79.93242560327053,80.69667835354805,0.7340898314224431,36.15170713908638,20.60528743863106,60.782862424850464,1.4057478696107863,154.10998117923737
31.23224574327469,80.16417208313942,76.28073093295097,0.8975274969814746,33.1853019011468,20.34953430891037,57.80567812919617,1.1972936034202577,154.7351807653904
24.611222848296165,76.80254783034324,66.95150080978871,0.9629702324779488,26.317774638155335,20.628976142406465,58.830487966537476,1.3456368923187256,168.14530235528946
23.52135469019413,104.09004061818122,58.06120009124279,1.1183958934947758,23.349099655422116,20.889736837148668,60.88468551635742,1.5272753894329072,145.0577414035797
20.24575125426054,77.03883140087127,48.1638725733757,0.98834532484979,22.0257824531498,19.28302580714226,60.13472843170166,1.5718599259853363,205.5091970562935
18.78217426687479,58.14359773993492,51.589048262834545,1.0352011340907747,22.391279612562865,19.04965633749962,62.45413899421692,1.8292609393596648,198.36363452672958
23.751339226961136,52.998326553404326,49.161437467336654,0.9567879629895732,23.782264143414597,19.494825756549837,65.59869527816772,1.6224866479635238,179.49446308612823
22.9576425999403,48.346232052147386,70.9587220108509,0.8120464168384763,25.928961715380503,18.840515738725664,55.09951138496399,1.6185522496700286,171.20524150133133
27.30032728612423,49.02153617441654,81.84312247633935,0.8489486876411673,28.465241324219477,19.7675081551075,55.94733786582947,1.4980993747711182,136.64895498752594
21.752576380968094,46.36284920722247,81.3818684232235,0.9068410190044006,43.799790809369526,18.90112421512604,58.27858114242554,1.1491725832223894,149.28204116225243
62.16627013683319,125.05352860093116,100.6880797290802,1.030166154744435,52.97742909609882,22.413155829906465,52.2098274230957,0.8455992594361305,240.90335792303085
49.16711553931236,93.69710700809955,100.01025317549706,1.258579252371759,67.98677981296932,22.25774068236351,53.12504863739014,0.895629109442234,230.41328567266464
55.51168757677078,88.32162282764911,74.5861688053608,1.4277499763278143,61.4555446244193,21.63526508808136,65.95702457427979,0.9639870792627334,253.65988981723785
61.1375732421875,105.53649553656578,38.069917894005776,1.946047540816793,40.0669016635925,20.136235719919206,73.63508749008179,0.8526352480053901,177.7582206428051
65.55488610267639,152.14017274975777,17.06760684773326,2.1690735468250115,29.10559869331548,19.084316915273668,74.06092834472656,0.9611032307147979,121.60253167152405
66.58108693361282,183.903852725029,13.423812409043311,2.1126470880566934,22.283351081682525,18.655543512105943,76.36768674850464,0.8116392210125922,162.7613074183464
70.23610311746597,158.10273111462593,16.968379212021826,1.7535889311948438,21.179618304301343,18.591263628005983,71.60255765914917,1.144529688358307,145.1775259077549
60.287601590156555,114.56703967452049,29.94157722085714,1.4868961852957137,21.04820379963314,18.568319922685625,62.72331404685974,1.0788034528493882,128.27124705910683
50.32291695475578,76.84232214689254,67.88623746037483,0.7104845924026396,23.197896809463852,20.34563992023468,61.06655216217041,0.8993079513311385,134.7295262515545
33.54460388422012,46.40780695974827,82.42757283568382,0.7709060161333143,27.723468782637262,20.32081556916237,60.065633058547974,0.9547446608543395,201.60387283563614
26.890567153692245,53.50756808817387,62.9196480089426,0.8367097134151342,32.04665831150331,20.515307700634004,63.352216958999634,0.6533601135015488,241.79974895715714
28.50385633111,87.90621795952319,38.37935582458973,1.523976134645427,29.877583279028748,20.88167149424553,74.35751056671143,0.5788005858659744,193.7973249554634
30.46268805861473,83.12297365665435,24.862779276371,1.8142035692835148,25.738658694301492,18.999334371089937,76.79295682907104,0.588585489988327,169.1080555319786
23.387740045785904,93.15351792275905,10.549279282465577,1.51192958815405,21.718170937673005,17.605723148584367,81.08441352844238,0.5925865679979324,103.64579784870148
23.483940288424492,45.70473280102014,10.524381127655506,1.3829612165696783,21.050512980936062,16.238842418789865,83.30621337890625,0.572189262509346,91.0594497025013
18.571327693760395,37.64473572224379,19.57679199397564,1.1420965597585668,24.656064805402803,17.292435741424562,83.3234601020813,0.5452506572008132,142.74251437187195
15.374213807284832,40.854070879518986,24.56391629129648,0.715757377817587,28.145220385708633,16.71514274775982,85.32042503356934,0.4148277632892131,158.90712514519691
16.313154935836792,34.17915886491537,19.33353738859296,0.921339962087526,36.662138987157604,15.744118934869768,86.83222532272339,0.365541298687458,180.5681824684143
21.219905763864517,46.98182750344276,25.239016641378402,1.0259300897282326,49.028589712145376,14.843207946419717,84.79549980163574,0.3065103754401207,222.43784070014954
22.744474038481712,53.74185179024934,17.55305409476161,1.0645656850615894,50.38881826110583,13.454866594076156,86.6505823135376,0.36488035321235657,249.5982003211975
27.051926165819168,59.62393636107444,13.675035998821258,1.1225062954323424,39.65436226562342,13.726132458448411,86.25216865539551,0.26987167857587335,200.87859654426575
21.36276262998581,37.80830164253712,21.375117981135844,0.9703011686992061,42.77305863371022,13.33293662071228,79.3121600151062,0.3129677355289459,269.56374883651733
21.292651563882828,31.817812288552524,29.38607867449522,0.7173272813492758,45.20288541358636,16.612918934226037,73.00229930877686,0.3805330723524094,296.2955161333084
18.575894221663475,31.168477307260037,54.51172143995762,0.4293496877927722,50.50490299771022,17.977780735492708,67.22870588302612,0.690256518125534,286.8010015487671
35.708478689193726,61.074953716993335,23.88505756855011,0.9705859263484464,27.245099429619945,13.429092413187027,84.38450241088867,0.20836502499878407,310.150287091732
37.34809750318527,63.469052258133885,26.294908669888972,0.7974996372234603,28.79023902760193,13.471698200702667,81.94913291931152,0.2226012796163559,311.3617100119591
39.05512773990631,64.67961394786835,46.19800531327724,0.826099934455076,31.110715927589403,13.501711612939834,77.91977167129517,0.2584162410348654,337.05777180194855
39.98951414227486,66.10832098424434,61.90194198310375,0.806981054165612,44.36126044782381,15.441742038726808,76.07373476028442,0.3291279777884483,346.19461703300476
41.76786807179451,67.56938584148884,73.4585335713625,1.0118617245960821,62.57271677159653,14.934306046366693,74.20621538162231,0.32701006084680556,343.3471329808235
45.59978613257408,75.31216170787812,75.02646450400353,0.9415502822618544,60.89083669685,15.729553005099298,72.82858371734619,0.40410290136933325,342.80351573228836
43.51978614926338,72.44878098070622,73.79118998765946,0.981326579766771,57.23913199862868,16.77777317762375,69.90709495544434,0.4905975818634033,344.88252115249634
42.873686254024506,82.61573199033737,79.50210322499275,1.0297942785602408,48.77821977906456,16.702680012583734,68.78350448608398,0.5980485513806343,347.5600620508194
37.753878980875015,80.26787628829479,79.24518887162209,1.0090609521924354,41.060271778399596,16.733521392941476,66.34327840805054,0.7156906992197036,347.56813764572144
40.347914665937424,71.35123086869717,82.80329092383386,1.1817970464390481,37.2519816615378,18.336093878746034,66.82707118988037,0.7879962459206581,347.5187635421753
35.29237660765648,62.47050704061985,87.13002487778664,1.0773630635314193,33.66789525167708,17.93110857009888,68.91651487350464,0.6175511881709098,342.71937054395676
40.73752188682556,57.57365297377109,75.84786685228349,1.1082790323854226,31.725633683180945,17.573759084939958,73.3569769859314,0.6843024030327797,320.5807338356972
41.06350603699684,61.53825910985469,74.1506402385235,0.9658411126868126,33.74712789852438,17.593451416492464,71.74391603469849,0.6286816358566284,333.5752238035202
48.055998384952545,72.84228614866734,71.09538120806218,1.0587342495830514,36.10515162470199,17.06067813038826,69.36790704727173,0.755609130859375,343.0841740369797
40.566258281469345,70.69162406623363,65.98182789325715,1.0129184547260497,36.552651794656285,16.632733991742136,75.95354175567627,0.6642310708761214,348.1168178319931
49.05296930670738,83.67802966833113,65.88958389282226,1.0347893367720529,41.87259194407897,16.36557382941246,77.3766884803772,0.6089272782206535,345.9379553794861
52.27630218863487,78.32738035619258,61.857675759196276,1.1519491154255312,43.622173675558074,14.974857902526857,78.86074113845825,0.6428643032908439,341.2038784623146
57.080805867910385,75.14265194535255,51.78739499688148,1.3029895479752245,44.33721766321827,14.638694635033609,81.19189596176147,0.6102573320269584,325.83478701114655
59.23217970132828,73.79976942837239,42.830597046017644,1.2586831849806148,45.852511384036276,14.439373841881753,79.20957088470459,0.4835402272641659,284.52644538879395
60.849038898944855,80.56894647181034,40.310993375778196,1.2844515890226775,44.720115518268386,14.388942113518716,79.07507181167603,0.5539241343736648,249.0312140583992
51.036319106817245,72.22539390027524,54.851626450419424,1.1379519397056908,40.50613855667836,14.06676614880562,78.85429906845093,0.5197629258036613,246.94601595401764
41.255142360925674,73.14868424534798,54.622229514122004,0.8600371269038851,37.29835736178657,13.923761016130449,85.21470165252686,0.490579092502594,256.2237656712532
38.66995796561241,69.38919009268284,43.304658509492874,0.8186013982983456,31.033770189612312,12.25174227207899,87.27873754501343,0.47369737178087234,258.03738528490067
39.471247524023056,70.23711910843849,36.47853437542915,0.8719120911791282,25.29453903009674,12.10733184069395,89.11038160324097,0.509842474013567,248.00565534830093
43.22983855009079,88.09679097533225,57.659462827444074,1.5595409491135301,30.751700659096727,12.500311395525932,77.26258373260498,0.30858639627695084,205.71677750349045
46.755820631980896,96.32472631037234,32.463964555561546,1.4646094744863687,31.954817424401547,11.517302787303924,84.23948574066162,0.29399106204509734,122.9948500096798
63.22568690776825,97.04567255079746,26.495611303448676,1.8168057192937,36.102011416024595,11.295188455283641,71.9059190750122,0.2843589410185814,144.94372069835663
63.31431192159653,96.806940472126,25.524391197264194,1.9010481626592532,45.02108351443699,11.84608802050352,73.71039962768555,0.2900947242975235,184.49135249853134
78.35333770513535,101.3866442978382,31.01922141641378,1.9251475486287313,59.51082859297203,12.184080293774604,74.3977484703064,0.2552038744091988,231.36654061079025
74.96987318992615,108.5225906252861,42.61482048630714,1.9734328491351358,86.88348655680498,13.334799548983574,63.109699726104736,0.3714445434510708,247.89801561832428
78.5358276963234,124.38479692339897,69.01600087821484,1.7507657400259944,83.40219334957887,14.805929502844812,62.76543116569519,0.6055067956447601,229.08470386266708
66.87864369153976,104.96932371854781,81.3878188252449,1.5869641136801318,92.0466565694297,16.66808339059353,54.22006702423096,0.7747565850615501,256.35364466905594
69.51479381322861,113.66260233521461,97.06763891577721,1.79356434273281,97.62586418229817,19.29965171813965,48.86293172836304,0.6016364216804504,164.5798121392727
65.44828706979752,104.39239842295646,98.81457990407944,1.6140467686682394,104.01564122503471,21.265759682655336,45.63686406612396,0.9382605105638503,238.81516808271408
49.41084760427475,113.7763692498207,114.9452599978447,1.7933985618638117,104.65899004747774,22.09833607673645,45.92380654811859,0.8768870443105697,145.4577134847641
44.25738772749901,96.54354588389396,104.87797997474671,1.7271420645216493,79.83118923542105,22.82823664546013,47.5359913110733,0.5734739288687706,130.64038810133934
46.47140508890152,85.07283272445201,66.0074427139759,1.7194848762699433,53.33865280911162,21.649991339445116,49.98835802078247,0.6295639619231224,129.55863496661186
46.43423557281494,97.54357135891914,51.05191594302654,1.7841498379385548,44.48411927331895,21.420941478013994,55.70235562324524,0.698703795671463,157.0086490213871
51.39764940738678,126.02758873701094,32.121288649737835,1.9585049013477165,36.32673821869291,20.332046723365785,63.38452076911926,0.5887587785720825,156.56851863861084
65.63215786218643,172.35355544686317,31.77397543132305,1.6412258833434685,52.23137697808899,20.72563666701317,63.767775535583496,0.5045267581939697,169.6593508720398
70.72587448358536,187.250573015213,29.185710165798664,2.2407380796327185,59.82329978979804,20.087465977668764,64.26958107948303,0.5979205027222633,143.82450810074806
82.04100334644318,220.1884317755699,29.83954144656658,2.4371895893307554,77.05266851843646,20.40685165524483,72.88024711608887,0.4390390157699585,110.44606593251228
93.94101363420486,219.84235568046572,27.617319545447824,2.6012219912991204,86.99680869441676,20.44248885512352,70.29553174972534,0.38076382055878644,42.540556363761425
89.90276020765305,233.0417713522911,17.566810675114393,2.824036198972925,92.40873031290177,20.9052314221859,72.72288370132446,0.41215081363916395,29.599888876080513
89.08993446826935,234.24613319635392,16.69479266643524,2.679224348360776,76.19818520730355,20.82188147902489,64.82063174247742,0.5028146974742412,30.554647527635098
84.01934331655502,220.64489858150483,22.097068170309065,2.204607289671167,65.53919556986432,21.724516248703004,70.66238260269165,0.5940133959054946,35.67677665501833
71.04177111387253,194.09962313175203,43.36497549593449,1.6586077026413995,61.97716908509551,20.84175012111664,71.2520489692688,0.8170129373669623,47.58819806575775
57.86733442544937,173.861572855711,74.38944800376892,1.0506272111085295,70.99907198364359,20.773042595386507,78.51970195770264,1.3607436835765838,66.9116635620594
32.12284629046917,49.84701546281576,109.75304475188256,0.5569719501858109,63.130519836358246,21.17493728399277,52.48501396179199,0.5264872997999192,340.1116019487381
21.819508358836174,42.204780511558056,126.70822582960129,0.3995272237099022,41.972073297270356,22.297371661663057,49.436909317970276,0.5937794268131256,350.35628908872604
22.326286002993584,33.735323674231765,133.93048159122466,0.257181584761918,34.35656377499065,22.59297270178795,48.25104856491089,0.7422239646315574,352.85177344083786
19.6749861612916,29.0181890912354,136.92270807266235,0.420190786420202,32.065296863996664,22.573522365093233,47.256503105163574,0.7906637787818908,354.6829878091812
18.655832432210445,30.835279959440232,134.1237972986698,0.32025599403615385,38.52356674566249,22.04880059361458,46.13398742675781,0.5986151322722435,354.9034138917923
26.45951819419861,41.858085952699184,131.91956919193268,0.40994809015835726,41.64984146222844,21.931074416637422,53.92580461502075,0.43469337671995156,352.9689532518387
33.76870968937874,55.030778414010996,113.18400058865548,0.7468256074519246,50.54916342985459,21.097628569602968,62.049184799194336,0.31011191606521604,352.4193106889725
47.07547610998154,88.52231938540935,63.91388016700744,1.2225919228419206,38.945055983563265,18.848282045125963,72.20685720443726,0.21135210171341895,349.58232909440994
68.61670655012131,162.7985236287117,27.584375259578227,1.9289850905950818,32.308271532081875,15.09656316637993,80.1566686630249,0.19072996731847525,343.8808126449585
84.94995021820068,202.52989243268968,22.469247088730334,2.2026157560290005,27.28630138678492,15.241683161258699,84.75827598571777,0.2150066640228033,326.5983073115349
90.62805259227753,210.51346868276596,22.221075314581395,2.015653480342561,29.78655891157007,14.100323057174684,80.26962518692017,0.20011790953576564,316.8296827673912
93.56561863422394,153.5434771478176,39.23928255677223,1.3981087305969988,34.11278157796913,13.209933011233806,82.20116472244263,0.22114457860589026,311.1292542219162
77.10673975944519,128.96679210662842,61.328766741752624,0.9765551192394796,33.65588857143995,13.890795266628267,81.43081998825073,0.24654282592236995,323.22076296806335
67.17446559667587,99.52045526504516,69.16696147084237,0.6826442224818505,26.33274947763556,14.343603944778444,80.39630365371704,0.2914817951619625,328.7137575149536
54.26310694217682,72.95456773638725,69.40635235846042,0.5692206097117232,23.719137530427922,12.913683338463306,85.73563814163208,0.2855761285871267,336.8658613562584
52.39199444651604,85.75491206645965,48.13029408872127,0.47993591073393094,23.809082195735932,12.531444898247718,88.4749665260315,0.31442399397492404,330.64863657951355
50.71145021915436,65.26443732976914,34.955403840839864,0.6189913009046778,21.922053808341516,11.642802184820175,88.48950624465942,0.36505361720919605,335.72707694768906
51.084340304136276,61.97093026936054,35.12420287042856,0.9479993153905577,23.2358612948508,11.427960662543773,88.21713018417358,0.38721119835972784,332.8169128894806
47.426406145095825,73.96920821964741,19.891186464726925,0.9967611129854356,25.321054259066962,10.952030239999294,90.74308252334595,0.5165610209107399,306.3746954202652
56.67426908016205,88.78120222985744,20.247242262363432,1.1365208751935902,27.9072110397773,10.99989423006773,88.24877309799194,0.5198706656694412,264.2732090353966
59.92995047569275,95.9065535634756,24.22803993284702,1.1395354124900023,36.168962757409474,10.971078260242939,87.85134744644165,0.5712793007493019,262.69093638658524
61.7981390953064,126.89884194731712,26.47018163472414,1.0617221400138062,49.21971579156332,12.570258928835392,86.83959531784058,0.6647364795207977,248.0673729777336
51.16042599081993,111.54080527424811,51.939164299368855,0.9837446599152923,65.60764263792272,13.378512895107269,76.2330207824707,0.9184599295258521,284.54042077064514
52.2276436984539,97.824085226655,65.3365072196722,1.0445928268081572,55.34087013178028,16.5242312759161,65.3468770980835,1.1184375613927842,294.88046687841415
61.387846410274506,110.84198178648948,5.40264760620892,1.0491938850543252,26.600885864652007,10.638144759833812,92.15978050231934,0.14916330259293317,265.09811222553253
72.56219846010208,119.87608462572098,6.460029363408685,1.135292956159159,29.010960061730966,10.87940909564495,90.6892762184143,0.1994612667709589,263.74423664808273
67.55282872915268,120.235158598423,13.360384017825126,1.1668344872246492,38.026462394388176,12.248053146898746,86.36986827850342,0.28329629451036453,282.8792960047722
73.29174536466599,125.13465887904167,43.06308410525322,0.8440054482419067,59.004602761000214,15.989770507812501,76.52668571472168,0.5592735588550567,306.0648101568222
53.54233756661415,82.62947506606578,98.50362670660019,0.5712646504618639,72.69735437690602,20.044160997867586,56.35263419151306,1.0662632405757904,325.94416320323944
35.904472798109055,50.28454054892063,126.40810934424401,0.39436478680043136,57.057627610140045,22.54166633486748,49.35268759727478,1.3603591442108154,333.20893490314484
24.385239094495773,55.91255057752133,132.03395481705667,0.3007664174975062,47.504334708677966,23.07224870324135,44.93005633354187,1.545083299279213,345.3663246035576
21.946474209427834,35.895329882204535,129.9547617673874,0.44226791127327764,29.260299332879924,23.268227374553682,49.3758807182312,1.3633360296487809,352.12492805719376
18.099828340113163,27.29030274823308,124.62701526165009,0.4122687027586019,22.122980166818895,23.09225389957428,54.826310873031616,1.5731178909540176,354.2233065366745
17.00749509781599,30.644800727069377,121.67196389555932,0.5349459066859052,21.194971877304702,22.498839294910432,54.05007314682007,0.9668385714292526,353.1985846757889
23.08897951245308,37.24640704393387,115.04503776907922,0.6108906045808383,21.292843893982347,22.458750253915788,58.620880365371704,0.7897275090217589,353.84007143974304
27.24344152212143,44.62973126918077,99.80099311470985,0.7329295128313311,24.59763624537753,21.264437353610994,70.60906028747559,0.5825870200991631,343.5662410259247
38.83304888010025,69.1242544144392,83.35659318447114,0.8927602645546382,30.800994252364326,20.54318550825119,75.72558259963989,0.267415888234973,339.3190220594406
59.64570015668869,76.3190713942051,41.02971511006355,1.4867396472509655,35.03200288194491,17.765425926446916,84.7429084777832,0.16900049354881047,318.91004806756973
72.20929163694382,105.66608904004096,17.080840958952905,1.7750676815056363,30.207600248805768,15.962852901220323,85.76615619659424,0.13516562711447477,299.0936051607132
80.73432874679565,123.91918496489524,10.287376466169952,2.2542858967693307,27.028306517017093,13.57631387412548,89.21679258346558,0.1222993646748364,305.0799432396889
85.74199903011322,125.68841713070869,9.156062134355306,1.5824626616144475,24.14128962861952,12.224930538237095,90.14309549331665,0.11315338537096978,304.5559501051903
86.03871196508408,72.12346904575824,9.820553487986325,1.1666043998975697,23.642217538565703,11.544388061761856,91.19255542755127,0.1124988655326888,279.7610703110695
69.90895354747772,62.91877666711807,14.640274844318627,0.8175739698878096,22.74794953259125,11.176118558645248,90.96477317810059,0.10887121590785682,271.50622230768204
63.83925241231918,43.82634685188532,21.072177395820617,0.5426661231327643,25.89659925765491,10.808169050514698,91.94177150726318,0.11640555975027383,233.5932080745697
59.346083998680115,47.02879272848368,15.184994139522313,0.6045349338098538,28.952467340752754,10.667722581326961,91.93063974380493,0.11957736103795469,236.55082148313522
58.535217344760895,66.21348010003567,12.675627033561467,0.8705425799434171,33.70645721039645,10.305298334360122,92.25219917297363,0.119438692368567,249.11954349279404
73.63506329059601,86.68070668280124,9.25173570305109,1.0345528581303323,34.12012453339802,10.359246658533811,92.3293104171753,0.1275033206678927,259.17183899879456
82.80684053897858,96.1043200224638,6.2248709014058115,1.3964689159159283,30.275187478361136,10.28515334278345,92.3629961013794,0.13654879480600357,254.46841168403625
14.97665886580944,34.174268185347316,95.2855914068222,0.6692083025154162,38.73997142319982,20.365871554613115,52.282591104507446,1.5725740283727645,244.78453904390335
14.087156247347593,29.938063944876195,107.8620427429676,0.6137605015105265,34.21772601153526,21.159661358594896,49.342302680015564,1.5255106389522552,282.744688808918
13.490753762423992,31.645812195539474,110.7283147919178,0.49675681842616737,29.944126769260578,21.281527376174928,48.24996376037598,1.5532594323158264,277.8817580342293
12.270863108336926,27.969991879910232,107.27096947550774,0.5976580267479084,26.478432438298967,21.344487524032594,46.68524253368378,1.5368119657039643,309.01922261714935
12.29493160918355,28.84799623042345,108.24712484002113,0.4264682373327712,26.33236124257003,20.278885638713838,50.85084855556488,1.0837008714675904,324.03951531648636
13.193689357489347,29.41880659237504,108.437486628294,0.3810798493514032,26.084500534018,19.814695423841478,54.948089361190796,0.9875913053750991,315.2913656234741
14.131615538150072,29.508861505240205,92.15757828354836,0.5552788417734252,27.81284539874413,18.55988813042641,60.3967170715332,0.8617106720805168,319.2304985523224
18.637960202991962,33.77716629579663,84.12991560339928,0.5334029450036266,27.450057302751485,17.324243372678758,63.00570368766785,0.7114639133214951,304.28045934438705
20.64533904194832,41.51689420044422,72.85110733926297,0.5768008563679421,27.837130932432743,16.879392004013063,64.58611369132996,0.5335529401898383,316.97600585222244
22.879175916314125,37.27671683728695,69.17184352457524,0.6394892794018143,29.80479043024736,15.765583446621896,70.6401891708374,0.46349977627396577,292.18656557798386
25.614967957139015,44.43677057772875,59.80321646213531,0.6946565016939596,29.00247610387791,14.207406646013261,74.20961332321167,0.40954452678561204,291.8214482665062
27.947037920355797,42.66401773095131,56.1641795784235,0.7516008536040418,28.494353232775364,13.11316488534212,77.65877103805542,0.30212413109838965,293.50056529045105
25.89860163629055,40.53287020772696,61.70037743508816,0.7301282487880965,25.36630612096815,13.060005529224872,78.61686706542969,0.3353614494204521,300.6614421606064
29.382684662938118,43.18076701015234,53.19188566684723,0.6128382348078161,23.13105335656034,12.949835857748985,78.65221834182739,0.33261041939258573,317.0273465514183
28.120772510766983,36.49721931517124,61.430323674678796,0.5518364305437709,22.78153207009383,12.373650854825973,81.71231174468994,0.30389299988746643,322.4344385266304
25.391928732395172,37.98559289574623,56.175782436728475,0.3802958317007756,23.853060237953695,12.7110660135746,81.62201929092407,0.3287959314882755,324.2987502813339
24.839547768235207,37.914913134276865,52.90248245894909,0.5430963569360278,25.763184116393752,12.682138769328594,80.56288623809814,0.33753421977162357,327.1566531062126
25.169970840215683,47.36347286850214,50.48227348685264,0.8107432277831564,28.051504527574608,12.48190271705389,81.45090389251709,0.34380688294768336,327.7699798941612
27.945288315415382,47.12000599354505,33.36908327162266,1.0087816025786607,29.594220721410707,11.97829715758562,84.05759906768799,0.3168179728090763,306.5239474773407
36.93463310599327,69.81074918210507,21.786759812533855,1.2700416327049397,26.63412369028325,12.121494157612323,81.953125,0.29892635680735113,302.33564269542694
42.206729769706726,91.34033427536487,23.704334324896333,1.2627392115797735,27.684459740589794,12.05821725577116,78.10719919204712,0.34234523996710775,311.7728958725929
47.728701293468475,97.5435916364193,29.245152468681333,0.9366326081211582,29.58393126616869,13.766458740830423,75.73897075653076,0.38595613464713097,317.19310545921326
44.04263773560524,103.22509371042251,49.706873960494995,0.916824940769219,42.3660101055732,15.010358548164369,66.74457597732544,0.37684727236628535,334.9588912129402
45.74481746554375,82.23513852059841,64.72713157117367,0.8844437876157235,44.7839004961925,16.29615025818348,63.09198236465454,0.46684027761220925,335.26042890548706
27.33693179488182,51.70177812427282,31.6102563765645,0.9796956145982803,26.706085307355917,12.937997987866401,84.48011207580566,0.18430306427180768,320.0310075879097
34.088400572538376,58.63597599864006,19.998159625530242,1.076211643616846,29.011607392619176,11.6420176461339,87.49424648284912,0.17077402770519257,286.9090806245804
38.68945440649986,59.586068129539484,14.397263915985821,1.5399683838124658,40.25546947826284,12.594065389037132,86.62593221664429,0.22669578790664674,294.9919770359993
46.71992275118828,75.5470714777708,28.775104759931562,1.5789425221659656,61.24047711018136,13.90475750565529,83.14216089248657,0.25166522711515427,278.7491104006767
56.16874831914902,110.68549017906189,32.91418610364199,1.4792795081460404,78.85511233643813,15.751278525590898,76.81363821029663,0.29149148240685463,282.6008762717247
42.201454401016235,107.4057768881321,53.46393140733242,1.2314421237173256,71.00493719381252,17.556563621759416,72.81950807571411,0.39990402162075045,316.0372074842453
44.70074883103371,93.60028701424598,69.13775853216649,0.8226237967497002,45.73888029304604,18.13785601258278,64.93493676185608,0.644350779056549,328.41799408197403
38.059363543987274,82.62330056726933,71.59313361406326,0.77931737951267,29.9135469234885,18.517289257049562,64.2175989151001,0.6830648452043533,330.326868057251
33.70466175675392,78.43758856952189,74.60883821964265,0.6614035240594596,26.371246049396525,20.022443687915803,59.38920068740845,0.7644939079880714,322.3537662625313
29.553020358085632,75.57282897233964,97.90610929846764,0.7631881595564767,29.527703385962237,20.364869004487993,56.323848485946655,1.225856813788414,335.6287262439728
33.83411481976509,88.04361323118209,95.69925926923752,0.8241886363936349,40.864032438834386,20.658715581893922,56.07033634185791,1.2629905313253402,340.56758016347885
40.290930062532425,94.73959356844425,98.5797475862503,1.2157385653162296,45.42547406271484,21.541578507423402,65.08175420761108,1.230392411351204,327.48858934640884
35.73244208097458,84.49435620009899,81.37850589275361,1.3536187893803135,40.220817659656085,20.80175701379776,68.12182712554932,1.031018191576004,312.90172177553177
43.694690585136414,136.1258345067501,53.63402862906456,1.5877199603823797,28.42439245662989,18.930399543046953,71.47194719314575,1.030402633547783,325.14926105737686
46.99974152445793,113.55944055318832,38.87122593045235,1.42832411303842,24.329137778078913,18.173410242795946,78.42945623397827,0.9312244236469268,334.2257066965103
48.136751651763916,104.47055804729462,48.19043230772018,1.238504821379492,27.443746643928417,18.04028714299202,77.5330605506897,0.624519070982933,341.97053694725037
42.67994627356529,97.3789281964302,61.630517672300336,0.8042103701047372,28.956021121942072,16.533296576142313,77.784508228302,0.677233025431633,346.34799057245255
30.493559882044792,47.12906496673823,90.63188328742982,0.589839482383494,41.821812432181616,16.44698608517647,77.92975187301636,0.5669407919049263,349.69934153556824
29.010110273957253,50.91369054615498,107.00335461378097,0.5077771164420193,39.00648376163688,16.12105098962784,81.90229940414429,0.48548293784260743,337.6083976626396
24.366776779294014,45.77140015214681,86.57731850862503,0.6088075768113869,39.77421329103194,16.464535465836526,81.29737901687622,0.4709059946238995,294.6888284087181
24.074839115142822,52.92031394094229,62.4513539236784,0.622917583816622,35.80957641792784,14.158430776000024,85.26759338378906,0.40402166619896884,303.0978031158447
26.504394233226776,58.26820297837257,50.86610846817493,0.8818237419245434,32.94657738535792,12.99011611789465,87.05357885360718,0.42089620754122736,324.2891474366188
29.3995478451252,64.23259645700455,48.584010114669795,0.8364201376979338,30.524091108899725,12.190970881283283,87.66348934173584,0.4446989238262177,337.8295769095421
35.27285361289978,62.9816774725914,45.56556866466999,0.8035556536656948,27.707047665370816,11.787018804252147,89.49182558059692,0.5827141836285591,334.5931671857834
34.280146062374115,46.34112693518401,15.72316182076931,1.0357076211941023,33.63257812076856,15.554492628574373,71.97869443893433,0.25161987654864787,189.39790403842926
28.909931376576424,51.27964873015881,30.656493762433527,1.206892690869197,33.283202524618744,19.993354177474977,62.16120672225952,0.23543207235634328,157.33658930659294
31.329261779785156,44.650143107771875,43.21392551958561,0.6363084695968161,38.282793983401575,20.142525857686998,58.173670530319214,0.35559308826923375,199.2609670162201
29.62654212117195,38.320278105139735,70.46578355669976,0.5796537425678933,40.96277001537392,20.535555756092073,56.29849910736084,0.29502713009715076,219.4403514266014
27.541221037507057,40.17144911438227,76.53631729960442,0.4563887835134027,53.11560481660034,21.14338374733925,53.271629095077515,0.24448021724820138,204.93229413032532
31.10149449110031,36.004668697714806,75.78830324292183,0.4841016221251225,64.48437642622213,21.612566834688188,56.16500639915466,0.26665777526795864,265.89019000530243
30.645614713430405,41.67934232354164,79.2110868537426,0.4944468989869569,57.25813998743702,21.23749036192894,58.71272659301758,0.22469194196164607,302.81021988391876
28.51662726700306,41.5229647770524,70.78537292420864,0.5852912753930122,49.02569633923596,20.61812353730202,64.61951899528503,0.20345616117119789,335.3572105169296
37.622844487428665,49.50162373334169,48.86810137569904,0.820033200269828,37.01641533583988,19.236140167713167,74.58926486968994,0.16692782267928125,330.7237856388092
40.736622005701065,74.55237391591072,39.14971155524254,0.8660594168703981,36.2051446308429,17.8183752655983,81.49558782577515,0.17208758369088173,318.6257285475731
53.246008187532425,99.71934712529182,29.76909643322229,1.202480913864323,38.392998797771384,17.25677347779274,80.77048778533936,0.18321918081492186,239.7095297574997
57.45800358057022,104.42846195697784,32.754555290043356,1.2937017878666979,37.26213789085206,16.571218034625055,80.51817893981934,0.16120109967887403,142.09664461016655
59.72549158334732,126.28117915391921,23.555827528238297,1.1222832877153268,34.77562879140855,16.030379405617715,80.91569471359253,0.16337250545620918,126.3918406367302
51.77637839317322,108.45216686725615,23.773657785356043,1.1855698886356472,35.525787210406214,16.13962279856205,83.88334608078003,0.15702627822756768,126.70380756258965
54.58892586827278,143.49588457345962,14.573183848708867,1.0749059471996285,26.799771741358658,14.8879635989666,86.06190395355225,0.16487809754908084,163.946495115757
59.36113119125366,146.44353352189066,12.519269366711377,1.1730510731562516,23.88995278589129,14.291600546240808,85.3427186012268,0.19345077387988568,173.96754476428032
55.24999624490738,133.68679595589637,9.454993753358721,1.4022896336514528,21.503327986770337,13.988317465782167,83.05419158935547,0.220768054574728,200.66342169046402
67.84211248159409,128.99885083436965,10.745088157281279,1.3409264251264328,21.91218221663056,15.220974019169809,80.24237823486328,0.2851207174360752,161.32261717319489
71.18290787935257,108.89851520061492,19.05108908548951,1.0372339654583143,26.49727123835244,15.796807265281679,74.4373254776001,0.4467370316386222,142.12751388549805
67.17735701799393,103.42595248818397,62.94576082468033,0.9142178743631563,39.62601211513295,18.237727290391923,63.149149894714355,0.690864060819149,194.24537402391434
61.15993160009384,81.90174093246459,86.72286074519158,0.786184404618901,48.601171511791236,19.6654753446579,61.652798891067505,0.9249462038278579,238.78234267234802
56.98860493302345,95.49196993410587,91.33918093085289,0.6748976541530868,54.473629825062545,20.318472540378572,61.693193674087524,1.134718132019043,255.45256727933884
52.05739504098892,95.52710070312023,82.62935871481896,0.8403555159422519,46.96321839570122,20.376101887226106,59.77093172073364,1.4915249317884445,236.07427769899368
45.29790699481964,105.79132288098334,69.68596166431904,0.7227168803302789,40.23563924845254,20.08655503988266,59.02489161491394,1.5482418328523635,273.9960579276085
18.21632680296898,55.36841653436423,57.59898835539818,1.2804724548550472,37.082302504476715,16.349547719955446,67.53943061828613,1.9893526434898376,230.50431394577026
19.350064165890217,41.31856250613928,65.79215989291669,1.0855762961569009,27.59526620796646,14.863234317302705,67.18674898147583,1.9703941643238068,226.37979799509048
15.9787487834692,38.07152640670538,85.66142479777336,0.9697915351025167,23.43073445565383,16.270127600431444,58.55118918418884,1.9276270925998689,216.34990912675858
13.432038363069296,28.064118768274785,81.6499599981308,0.6851947994992778,26.02934009590751,17.099126791954042,64.97599744796753,2.0711299061775206,195.7972690463066
13.116337936371565,22.460385343059897,95.48468726158143,0.6707235357249443,31.364218713314806,17.126119589805604,66.58383798599243,1.7677804708480835,226.70037400722504
11.174384880810976,21.410504465550183,82.66205613136292,0.8819367207018145,26.754677625494622,16.942950224876405,70.17317581176758,1.4357807874679565,173.94438496232033
11.158940855413675,25.582914423197508,50.11124591588974,1.0479807152075271,29.662084210865338,14.119120007753374,78.94709157943726,1.0890597373247146,153.36223548650742
12.983444303274155,33.51079851910472,20.02156751960516,1.149408518691736,26.620333580755627,13.071883155405521,83.22556734085083,0.9269951790571213,182.08988815546036
13.966050319373608,40.29504047781229,12.175638970434665,1.1677851215315744,23.935466604294586,12.226688458025455,84.40727996826172,0.8258704721927642,154.718412399292
15.881768889725208,31.367265245318414,15.167840977758168,1.379377950598126,24.142612079853265,12.180397434532642,79.61462688446045,0.566693890094757,175.20105004310608
17.87416397035122,28.52425453439355,30.059476477503775,1.2372721826050181,29.027511135577242,12.364348529279232,78.55217933654785,0.530027274787426,185.13484770059586
18.400733835995197,32.6729005292058,31.337331696152685,1.2458931811046017,38.427312238868396,13.43368556201458,77.87317848205566,0.4521729283034801,225.19787400960922
17.60919987410307,34.97241720557213,42.66850179553032,1.2845629945532677,48.38137325111269,15.019197410345079,70.96692562103271,0.3858469441533089,196.85188734531403
18.08953207731247,40.3781909018755,25.505799383223057,1.4645295338893962,65.77761603629662,14.297699248790742,73.1093111038208,0.4039597317576409,171.14082503318787
21.070420756936073,46.54125065356493,27.860115527212617,1.4179386200583055,71.8579460290334,14.71028276383877,74.66132259368896,0.417591430991888,209.67227083444595
23.566316291689873,52.21576712876558,34.0361731377244,1.2666582673897775,66.5496987024475,15.424578121304513,76.30016851425171,0.6437597095966339,219.4045970439911
25.515287682414055,47.4758533090353,50.88552176117897,0.9239458485585781,63.841606278360985,16.641469141840936,69.86379623413086,0.5017779901623726,291.9495908021927
24.290981709957123,45.777042366564274,68.13760151028633,0.8140282160168046,46.710986568979806,16.79705541431904,74.1895260810852,0.6750985860824584,302.80957132577896
22.982777312397957,31.991805913299324,56.510077554583546,0.595918851706148,41.612109917880815,17.382325595617296,71.05363988876343,0.6326761737465858,272.28030782938004
22.529198870062828,37.9229709059,58.782237289547915,0.5795034975098686,41.558229429481095,18.52653173208237,65.05572891235352,0.4297929339110851,253.31577742099762
20.15662245452404,46.583873958885675,76.22767105340958,0.6916898992573558,56.819815242420916,18.848040914535524,64.04565238952637,0.5761712118983269,261.94032448530197
24.94700537621975,51.82758987396956,69.59717809081079,0.7266955720222802,74.5903983644737,19.35899836421013,65.02696990966797,0.535518565773964,293.36606270074844
35.13535177707672,76.76154165565967,74.25449560999871,0.8875363972786746,73.35676877502917,18.33466956615448,75.11302518844604,0.4487782128155231,293.12465262413025
36.735977709293365,75.90178578794003,59.229326151013375,0.9728626109515233,52.33106920422122,18.104438251256944,78.6573920249939,0.4915199108421803,309.8905500173569
31.752514228224754,74.50523379743099,105.92468037724495,0.8638459571183095,33.69822989635514,21.34346509575844,55.946653604507446,0.4969711743295192,346.4155033826828
34.01651629805565,75.05288345217704,94.9031227195263,0.8255985604034612,41.657642126366156,19.530878669023515,67.13632726669312,0.3709497317671776,344.710318505764
44.5974218249321,89.69982874989509,62.16474714934826,1.4970162912263463,41.11709304525357,17.05108649134636,82.23071479797363,0.29512844048440456,330.4562031030655
63.16533291339874,114.47697715759277,29.94273495286703,2.1379110698816968,46.02128820107137,15.036140507459642,85.34272193908691,0.27705410681664944,294.8474113345146
83.33792972564697,232.67630996704102,12.875126179158686,2.5709509552563627,56.417175429954355,13.766265144944192,84.89116954803467,0.3261555917561054,247.2957143187523
82.92923617362976,239.41608463525773,13.67711097806692,2.215415691024687,43.116287855769954,13.012729673087597,86.55429172515869,0.2745626654475927,278.5660496354103
88.80575495958328,221.82800960540771,12.689015438109635,1.90753446206871,33.84878009873482,13.165352156758308,83.854012966156,0.4455215036869049,292.2450194954872
78.73136448860168,182.78660302162172,24.05611885756254,1.4774028215115789,28.222869850825557,12.216287216544151,82.2234616279602,0.4067070983350277,237.29195606708527
59.720245718955994,134.75999279022216,40.02522084951401,1.047937844235473,29.279729884906963,13.559143042564392,79.58057069778442,0.554013679921627,254.76729238033295
45.85262027382851,109.328824031353,65.08353426277637,0.9444931385063687,29.459662534382932,13.82891588509083,76.45586633682251,0.8882392168045044,299.9558527469635
43.27534893155098,80.38512586355209,70.1307648563385,0.7079658244665415,36.6955304721411,14.052510491013528,68.9980821609497,0.9766902536153793,334.81277734041214
43.720627814531326,101.12414191961288,74.5659510588646,0.8739029365258715,46.06413137089231,15.610059833526613,72.61688327789307,1.4813951224088668,329.3710607290268
27.363063752651215,87.23248787820339,67.84031125307084,1.1271581892118865,45.593276614069694,14.64682393372059,75.4459867477417,1.1866357654333115,339.16064834594727
35.46012330055237,109.10020535588264,41.907535611987115,1.3965634090446988,31.531727023356837,14.340310221910478,78.53000926971436,1.3475236922502518,317.96133303642273
34.853479504585266,90.26328978538513,27.506596524715423,1.8333452616498516,29.405052164060024,13.141211009025573,84.00416326522827,1.3110880464315415,303.23441874980927
39.267573446035385,112.92561659216881,23.1137526679039,1.9011317413891753,43.73561841371686,13.474491080641746,82.29640054702759,1.4586727797985077,308.6775161623955
38.65242061018944,126.55266446471214,39.67593480467796,1.5875855461190818,47.30254074699625,14.071422821283342,80.99383735656738,1.6827601939439774,314.9063313007355
37.05237001180649,99.74756326675414,66.4064942097664,1.175961382860055,66.80997475972667,16.768411865830423,72.06380987167358,1.7677560806274415,331.3661929368973
27.876267433166504,98.34392428994178,98.2325556743145,0.7917592042326197,73.62160884200503,18.55127484202385,66.33101511001587,1.9192671477794647,322.9524691104889
18.840327240526676,73.30750269591809,96.69055878996849,0.6972679928563125,63.536595733488994,18.406366592645647,60.10226273536682,2.1331213891506193,299.82660138607025
15.690399579703808,50.63757436126471,89.9816039454937,0.592355398809983,43.73828783629374,17.927719777822496,63.08427023887634,1.6138241857290268,295.84445440769196
15.103769287467003,51.352209229767325,94.10314692616463,0.6910339045553852,42.10848356989496,17.20425800085068,57.519665241241455,1.8316496074199677,319.5494427084923
16.472248017787933,42.99875870347023,93.04060432314873,0.5557278562089417,37.22100949401529,18.08729032278061,57.31525635719299,1.6593646615743638,338.45357352495193
14.980781354010105,42.54766543507576,105.95379393219947,0.5577580327227072,32.14582335528341,17.635087496042253,64.31042981147766,1.687575000524521,336.04694163799286
15.200038127601147,24.900993499159814,66.79071652054787,0.6531553358592871,34.05510701130797,19.512627935409547,53.59487581253052,0.90522371083498,109.2959631383419
15.838510423898697,29.81871691569686,68.05288702428341,0.8001059170061826,35.22789893997849,20.924771642684938,52.39186930656433,0.8910915449261665,142.79599949717522
16.97410213202238,33.668554935604334,59.16806850731373,0.6624328698643879,34.54953867065748,20.301854407787324,53.599929332733154,0.944194021821022,185.40385288000107
15.249221056699753,28.326272626966237,58.4509301418066,0.5808070798768589,28.661409555467422,20.294262683391572,53.064720153808594,0.6224832743406296,198.5808596611023
16.22795832157135,34.45579339340329,64.94659840166568,0.5692598917147865,24.951660445601448,19.982711589336397,60.689080238342285,0.4296412326395511,201.4757930636406
17.028089836239815,31.853806118667126,61.125235751867294,0.679807117912667,25.222307283152162,19.869054383039476,58.522393465042114,0.36482948288321493,165.82973012328148
17.453868590295315,33.83217028230429,52.0773685580492,0.8119043329976089,25.832592372740706,19.361447697877885,64.91621136665344,0.3177287459373474,169.2575063407421
20.079550586640835,38.77826572358608,57.112740911245346,0.8602900263078375,27.414024184648426,19.51605216264725,65.36349964141846,0.32079375088214873,177.19900661706924
23.756257593631744,45.557419297099116,52.96723032414913,0.7639156878184689,29.69228644695262,19.20362556576729,68.47102737426758,0.17663709744811057,152.98155277967453
23.783003240823746,42.95054387748242,24.360991833806036,0.752453307485288,30.846292702473377,18.16327497959137,77.05743217468262,0.1713866598904133,153.96501797437668
24.294141620397568,62.65300454199314,12.504963714927435,1.1461699903991327,27.966871735300025,15.722723132371904,83.18103361129761,0.16251606941223146,132.91355299949646
27.072233974933624,72.4228257805109,10.410862205401063,1.2674070344819615,25.228162685277333,15.27525000870228,82.49450254440308,0.1492839536629617,106.6173866391182
38.29828640818596,70.4998850941658,10.811424179673194,1.1942256952180454,24.599950943705068,14.424260398745538,82.53190660476685,0.17337231766432526,117.19825702905655
43.614831298589706,75.86674119830131,18.340041582137346,0.8081667905234121,29.080834200156552,15.043465173244478,78.41149854660034,0.20475684590637683,167.47148182988167
45.20924952626228,67.8248367190361,38.362717683315275,0.641060559524349,33.38184529006859,15.863356715440752,73.94312524795532,0.27920964173972607,214.2763432264328
38.86920344829559,64.904684060812,59.96947018384933,0.3765766519651823,41.37987342303967,17.46415442824364,65.72008991241455,0.39281278625130656,229.29192864894867
36.009257316589355,55.1817697495222,69.72913825809955,0.5501743445893739,48.618191737064066,17.971786177158357,66.2444977760315,0.47793418914079666,230.77499282360077
33.54127874970436,59.30562016367912,60.43571269989013,0.6523805610329096,52.63926736331547,17.63803637623787,68.74259567260742,0.48308386951684945,273.37881886959076
42.028016328811646,55.77304644584656,64.46379861533642,0.8464043544465049,47.972603411295665,18.034992641210557,68.65882205963135,0.5341481402516365,266.76771008968353
39.38479992747307,67.80048344135284,64.08450943470001,0.7682550463120631,36.74755560559608,18.976930832862855,66.7144284248352,0.6053140833973885,285.0469865202904
39.98562842607498,58.28650849163532,77.08321798324586,0.7040051759474117,27.724067890643646,18.580637460947038,60.44330191612244,0.7163761332631111,311.6754029393196
34.149804919958115,47.78703436106443,80.84546394228936,0.4596532212122818,24.576822759180224,19.051730579137804,63.21270942687988,0.8343833968043327,314.82839971780777
24.745321363210678,41.128602884709835,84.52062461853028,0.5211709028957813,23.844633493689244,19.8972329556942,58.93842434883118,0.7996102198958396,295.81273782253265
23.755394592881203,45.2959814876318,72.67774548351765,0.45812146891260447,25.252184627789873,19.82332772612572,59.289143323898315,0.8100129932165145,287.9150361418724
18.819779708981514,34.853283090144394,21.736181395351885,0.9506699999592788,24.20727814704189,12.935211157798767,83.52180910110474,0.19983281195163727,279.3371434211731
21.19490234553814,40.6209429949522,18.04264491572976,0.9363989809890467,23.494823482934528,12.56183318644762,84.60604286193848,0.16522264014929533,227.10917484760284
25.46882873773575,38.09138568341732,16.51504625916481,1.0312437303929243,25.51469937105745,12.8242331802845,78.15596199035645,0.20968787483870982,267.3604085445404
25.05489817261696,43.52558843493462,30.517416948378084,1.0861999901379547,32.55939586719529,13.702985218167306,78.28313779830933,0.21773900799453258,298.2104991078377
28.230935662984848,50.56829121261835,38.74628025710582,1.1315618049996032,52.45135505290314,14.374841591715814,74.19967651367188,0.21736312322318554,287.1917055249214
30.85505098104477,49.52400502413511,46.46392188429832,1.0469646928354277,65.220424339596,16.09034832417965,69.02262210845947,0.3017814509570599,298.34625697135925
29.247345492243767,52.79211451560259,59.54119021117687,0.9627932422263492,61.68598134323034,17.152554070949556,64.33475279808044,0.3718548499047756,309.8401089310646
27.890967950224876,58.220439326763156,62.272616275548934,0.9148284907311751,53.51379504654744,17.584222769737245,63.96718764305115,0.4520689010620117,321.4263072013855
27.636263236403465,58.41896619200706,57.17513074874878,0.9982936519084534,43.651604345536185,18.92762870192528,58.91578698158264,0.5219513580203056,317.8744053244591
29.383804351091385,60.20462313294411,74.08524540543557,1.0252826987190482,46.75722332194198,19.97767291069031,58.115493297576904,0.6931691333651542,331.5453832745552
25.38494063913822,65.92159562408924,79.37805564522743,0.9992578554680012,44.02900642673235,20.22460705637932,59.17269539833069,0.7635282322764396,317.8890292644501
28.356364339590073,54.365372246503824,80.86343432664872,1.0544977912551787,34.879778773430054,20.24098319411278,63.56633234024048,0.623775365948677,290.71360635757446
29.908407017588615,54.01342834979296,67.73930339157582,0.9236313958782361,29.976793276342754,19.756324535608293,61.294269323349,0.6503099098801612,267.01562666893005
28.49557889997959,58.79890064299107,57.235962755680085,0.9669516281876829,28.37064764616887,19.201452797651292,61.565865993499756,0.6349447101354598,299.3825273513794
28.285775303840637,76.90622668862343,47.309857935905455,0.8759170855890754,26.892591798162535,18.971984630823137,70.03735160827637,0.5620090499520302,321.4966234564781
36.58607521653175,81.90647065937519,51.66227055609226,0.9492669589036814,29.46794215799097,18.217511212825777,71.80885744094849,0.510760623216629,323.4510011076927
35.18996128439903,75.7938080996275,48.76233489513397,0.9127426606160732,30.89133369143371,17.42920950651169,72.62432670593262,0.49634123295545574,331.40989738702774
37.49539476633072,62.866693907976156,49.64821270108223,0.9579165708272737,32.831320611114336,16.832881456613542,74.34619522094727,0.41567377448081966,325.35728085041046
42.33921882510185,56.72365565299988,43.87225790917873,0.8684469170365597,33.627069269522934,16.021349972486497,73.73819398880005,0.42393001168966293,289.79765397310257
41.953394055366516,58.09597096145153,51.91625227212906,1.066842173008831,40.88202529511349,17.167924201488496,67.43864727020264,0.422780179977417,260.2121053338051
37.858321249485016,56.596318021416664,64.07240858137608,0.8516297949691493,43.21872143013333,16.991995668411256,67.60640144348145,0.5409981533885002,282.35126507282257
32.840404123067856,57.485339391231534,74.53354307532311,0.6213480244326446,41.18402640522489,17.486069655418397,74.29527616500854,0.5809482529759407,302.0632064342499
31.424485430121422,56.864006370306015,71.12470758140087,0.6254099015428977,36.61001413859107,15.465339130163194,77.0523853302002,0.6613188982009888,302.32959645986557
27.744433373212814,56.69091762900352,67.43422398149967,0.5882369339831768,29.705277200913745,14.014722561836244,81.25170707702637,0.6832478702068329,310.8193689584732
